<Mod>
    <Name>Ukrainian Translation</Name>
    <Version>1.0</Version>
    <Author>Дракон Сходу (DragonOfTheEast)</Author>
    <InstallationPath>TranslationUkr</InstallationPath>
    <ReleaseDateOriginal>2024-05-02</ReleaseDateOriginal>
    <Category>Translation</Category>
    <Description>Українська локалізація гри.</Description>
    <Website>https://steamcommunity.com/sharedfiles/filedetails/?id=3237680302</Website>
    <PreviewFileUrl>https://i.imgur.com/8YOLByj.png</PreviewFileUrl>
    <PreviewFile>Preview.jpg</PreviewFile>
</Mod>